id,command,group,category,win,ribbon,legacy,mac,mac_note,lesson,chapter,alternatives,what,concept,note
arrow-keys,Move one cell,move,Navigation,↑/↓/←/→,,,↑/↓/←/→,,inherited-workbook,1,,"Move the active cell one cell up, down, left or right.",arrow-keys,
ctrl-arrow,Jump to the edge of the data,move,Navigation,Ctrl+↑/↓/←/→,,,⌘+↑/↓/←/→,,inherited-workbook,1,End then an arrow (End mode),Jump to the edge of the data region.,ctrl-arrow,
home,Start of the row,move,Navigation,Home,,,Home,,jump-dont-scroll,1,,Move to column A of the current row.,home-key,
ctrl-home,Go to A1,move,Navigation,Ctrl+Home,,,⌘+Home,,inherited-workbook,1,,"Go to A1, the top-left cell.",ctrl-home-end,Compact keyboards: Ctrl+Fn+←
ctrl-end,Go to the last used cell,move,Navigation,Ctrl+End,,,⌘+End,,inherited-workbook,1,,Go to the last used cell of the worksheet.,ctrl-home-end,Compact keyboards: Ctrl+Fn+→
tab-move,Move right,move,Navigation,Tab,,,Tab,,ribbon-by-keyboard,1,,Move right (Shift+Tab to move left).,enter-tab-move,
enter-move,Move down,move,Navigation,Enter,,,Enter,,inherited-workbook,1,,Move down (Shift+Enter to move up).,enter-tab-move,
page-up-down,Scroll one screen,move,Navigation,PageUp/PageDown,,,PageUp/PageDown,,,,,Scroll one screen up or down.,,Compact keyboards: Fn+↑ / Fn+↓
ctrl-page-up-down,Previous / next worksheet,move,Navigation,Ctrl+PageUp/PageDown,,,Ctrl+PageUp/PageDown,Mac: varies,inherited-workbook,1,,Move to the previous or next worksheet.,sheet-tabs,Compact keyboards: Ctrl+Fn+↑ / Ctrl+Fn+↓
ctrl-g,Go To,move,Navigation,Ctrl+G,,,⌘+G,,jump-dont-scroll,1,F5,Open Go To: type a cell or range reference and press Enter to jump there. F5 does the same.,go-to,
alt-w-f-f,Freeze panes,move,Navigation,Alt W F F,,,⌥ W F F,,hide-group-freeze,1,Alt W F R the top row only; Alt W F C the first column only,"Freeze the rows above and the columns left of the active cell, so the heads stay in view.",,
ctrl-k,Insert a link,move,Navigation,Ctrl+K,,Alt I I,⌘+K,,navigation-column,2,,Insert a hyperlink to a place in the workbook.,,
shift-arrow,Extend the selection one cell,select,Selection,Shift+↑/↓/←/→,,,⇧+↑/↓/←/→,,colour-label-hardcode,1,,Extend the selection one cell at a time.,shift-arrow,
ctrl-shift-arrow,Extend to the edge of the data,select,Selection,Ctrl+Shift+↑/↓/←/→,,,⌘+⇧+↑/↓/←/→,,know-the-screen,1,,Extend the selection to the edge of the data region.,ctrl-shift-arrow,
shift-space,Select the entire row,select,Selection,Shift+Space,,,⇧+Space,,select-like-you-mean-it,1,,Select the entire row of the active cell.,row-col-select,
ctrl-space,Select the entire column,select,Selection,Ctrl+Space,,,⌃+Space,⌘+Space is macOS Spotlight,select-like-you-mean-it,1,,Select the entire column of the active cell.,row-col-select,
ctrl-shift-space,Select the current region,select,Selection,Ctrl+Shift+Space,,,⌘+⇧+Space,,,,Ctrl+A,Select the current region: the whole table under the cursor.,,
ctrl-a,"Select the current region, then the whole sheet",select,Selection,Ctrl+A,,,⌘+A,,select-like-you-mean-it,1,Ctrl+Shift+8 for the current region,Select the current region; press again for the whole sheet.,ctrl-a,
ctrl-shift-end,Select to the last used cell,select,Selection,Ctrl+Shift+End,,,⌘+⇧+End,,select-like-you-mean-it,1,,Select from here to the last used cell.,,Compact keyboards: Ctrl+Shift+Fn+→
go-to-special,Go To Special,select,Selection,Alt H F D S,,,⌥ H F D S,,typed-vs-calculated,1,F5 then Alt+S; Ctrl+G then Alt+S,"Select by what a cell holds: K blanks, O constants, F formulas.",,
ctrl-lbracket,Select precedents,select,Selection,Ctrl+[,,,⌘+[,,link-across-sheets,1,Ctrl+Shift+{ for every level,Select the cells the active formula reads.,,
ctrl-rbracket,Select dependents,select,Selection,Ctrl+],,,⌘+],,read-the-error-follow-the-trail,1,Ctrl+Shift+} for every level,Select the cells that read the active cell.,,
f2-edit,Edit the active cell,edit,Editing,F2,,,⌃+U,or fn+F2,colour-label-hardcode,1,,Edit the active cell with the insertion point at the end.,edit-mode-f2,
ctrl-enter,Commit into every selected cell,edit,Editing,Ctrl+Enter,,,⌘+Enter,,enter-the-missing-day,1,,Commit the edit into every selected cell; formulas translate per cell.,,
equals,Start a formula,edit,Editing,=,,,=,,,,,Start a formula in the active cell.,,
enter-commit,Commit and move down,edit,Editing,Enter,,,Enter,,enter-the-missing-day,1,,Confirm the entry and move down.,enter-commits,
tab-commit,Commit and move right,edit,Editing,Tab,,,Tab,,enter-the-missing-day,1,,Confirm the entry and move right.,tab-commits,
esc-cancel,Cancel the edit,edit,Editing,Esc,,,Esc,,enter-the-missing-day,1,,Cancel the edit and keep the previous contents.,escape-cancels,
delete-clear,Clear cell contents,edit,Editing,Delete,,,Delete,,enter-the-missing-day,1,,Clear the contents of the selected cells.,delete-clears,
alt-enter,Line break inside a cell,edit,Editing,Alt+Enter,,,⌥+Enter,,enter-the-missing-day,1,,Start a new line inside the cell while editing.,,
f4-refs,Cycle absolute / relative references,edit,Editing,F4,,,fn+F4,or ⌘+T (the browser takes ⌘+T outside full screen),anchors-dollar-and-f4,1,Typing the $ by hand,Cycle absolute / relative references ($) while editing a formula.,,
ctrl-semicolon,Insert today’s date,edit,Editing,Ctrl+;,,,⌃+;,,find-replace-timeline,1,,Type today’s date into the cell as a fixed value.,,
shift-f2,New note,edit,Editing,Shift+F2,,Alt I M,⇧+F2,,find-replace-timeline,1,,"Add a note to the active cell, or edit the one it has.",,
alt-keytips,Show KeyTips,ribbon,Ribbon,Alt,,,⌥,,ribbon-by-keyboard,1,,"Show KeyTips on the Ribbon; the letters choose a tab, then a command.",keytips,
alt-h,Home tab,ribbon,Ribbon,Alt H,,,⌥ H,,inherited-workbook,1,,"Open the Home tab, which holds the everyday formatting commands.",home-tab,
esc-ribbon,Back out of the Ribbon,ribbon,Ribbon,Esc,,,Esc,,ribbon-by-keyboard,1,,Back out of the Ribbon one level at a time.,escape-backs-out,
ctrl-b,Bold,format,Formatting,Ctrl+B,Alt H 1,,⌘+B,,fonts-fills-borders,1,,Make the selected cells bold.,bold-command,
alt-h-1,Bold (Ribbon),format,Formatting,Alt H 1,,,⌥ H 1,,,,,"Bold from the Ribbon: Home tab, then 1.",bold-command,
ctrl-i,Italic,format,Formatting,Ctrl+I,Alt H 2,,⌘+I,,alignment-and-titles,1,,Make the selected cells italic.,,
ctrl-u,Underline,format,Formatting,Ctrl+U,Alt H 3,,⌘+U,,,,,Underline the selected cells.,,
ctrl-1,Format Cells dialog box,format,Formatting,Ctrl+1,Alt H O E,Alt O E,⌘+1,,ribbon-by-keyboard,1,,Open the Format Cells dialog box.,format-cells-dialog,
alt-h-o-e,Format Cells (Ribbon),format,Formatting,Alt H O E,,,⌥ H O E,,ribbon-by-keyboard,1,,"Open the Format Cells dialog box from the Ribbon: Home, Format, Format Cells.",ribbon-route-dialog,
alt-w-v-g,Gridlines,format,Formatting,Alt W V G,,,⌥ W V G,,ribbon-by-keyboard,1,,View tab: show or hide the gridlines.,gridlines,
alt-h-o-r,Rename sheet,format,Formatting,Alt H O R,,Alt O H R,⌥ H O R,,inherited-workbook,1,,Home › Format › Rename Sheet: type the new name and press Enter.,rename-sheet,
alt-h-i-s,Insert sheet,format,Formatting,Alt H I S,,Alt I W,⌥ H I S,,inherited-workbook,1,Shift+F11,"Home › Insert › Insert Sheet, the same as Shift+F11.",insert-sheet,
alt-h-d-s,Delete sheet,format,Formatting,Alt H D S,,Alt E L,⌥ H D S,,inherited-workbook,1,,Home › Delete › Delete Sheet; Excel asks first when the sheet holds anything.,delete-sheet,
alt-h-o-m,Move or copy sheet,format,Formatting,Alt H O M,,Alt E M,⌥ H O M,,inherited-workbook,1,,"Home › Format › Move or Copy Sheet: pick the sheet it goes before, or move it to the end.",move-sheet,
alt-f-t,Excel Options,format,Formatting,Alt F T,,Alt T O,⌥ F T,,analyst-setup,1,,"Open Excel Options from the File menu: calculation mode, iterative calculation, the Quick Access Toolbar.",excel-options,
alt-p-s-p,Page Setup dialog box,format,Formatting,Alt P S P,,Alt F U,⌥ P S P,,fit-to-one-page,1,Ctrl+P then Page Setup,Open Page Setup from the Page Layout tab: orientation and scaling.,page-setup,
alt-h-a-l,Align left,format,Formatting,Alt H A L,,,⌥ H A L,,select-like-you-mean-it,1,,Align the selected cells left.,align-command,
alt-h-a-c,Center,format,Formatting,Alt H A C,,,⌥ H A C,,select-like-you-mean-it,1,,Center the selected cells.,align-command,
alt-h-a-r,Align right,format,Formatting,Alt H A R,,,⌥ H A R,,select-like-you-mean-it,1,,Align the selected cells right.,align-command,
alt-h-h,Fill color,format,Formatting,Alt H H,,,⌥ H H,,fix-it-in-place,1,Alt 5 once it is on the toolbar,Fill (cell shading) color.,,
alt-h-f-c,Font color,format,Formatting,Alt H F C,,,⌥ H F C,,colour-label-hardcode,1,Alt 4 once it is on the toolbar,Font color: a model colors its inputs blue and its formulas black.,font-color,
alt-h-w,Wrap text,format,Formatting,Alt H W,,,⌥ H W,,around-the-workbook,1,,Wrap the text inside the cell.,,
alt-h-6,Increase indent,format,Formatting,Alt H 6,,,⌥ H 6,,alignment-and-titles,1,,Indent the selected cells one step.,,
alt-h-5,Decrease indent,format,Formatting,Alt H 5,,,⌥ H 5,,,,,Take one step of indent off the selected cells.,,
alt-h-f-g,Increase font size,format,Formatting,Alt H F G,,,⌥ H F G,,fonts-fills-borders,1,Ctrl+Shift+>,Make the font one size larger.,,
alt-h-b-o,Bottom border,format,Borders,Alt H B O,,,⌥ H B O,,fonts-fills-borders,1,,Put a border along the bottom of the selected cells.,borders-menu,
alt-h-b-p,Top border,format,Borders,Alt H B P,,,⌥ H B P,,fonts-fills-borders,1,,Put a border along the top of the selected cells.,borders-menu,
alt-h-b-a,All borders,format,Borders,Alt H B A,,,⌥ H B A,,fonts-fills-borders,1,Ctrl+1 then the Border tab,Put a border on every edge of every selected cell.,borders-menu,
alt-h-b-s,Outside borders,format,Borders,Alt H B S,,,⌥ H B S,,fonts-fills-borders,1,Ctrl+Shift+&,Put a border around the outside of the selection.,borders-menu,
alt-h-b-t,Thick box border,format,Borders,Alt H B T,,,⌥ H B T,,fonts-fills-borders,1,,Put a thick border around the outside of the selection.,borders-menu,
alt-h-b-b,Double bottom border,format,Borders,Alt H B B,,,⌥ H B B,,fonts-fills-borders,1,,Double bottom border (grand total).,borders-menu,
alt-h-b-d,Top and bottom border,format,Borders,Alt H B D,,,⌥ H B D,,fonts-fills-borders,1,,Put a border along the top and the bottom of the selection.,borders-menu,
alt-h-b-n,No border,format,Borders,Alt H B N,,,⌥ H B N,,fonts-fills-borders,1,Ctrl+Shift+_,Remove the borders from the selected cells.,borders-menu,
ctrl-shift-dollar,Currency,format,Number formats,Ctrl+Shift+$,,,⌃+⇧+$,,numbers-a-banker-can-read,1,,"Currency, 2 decimals.",,
ctrl-shift-percent,Percent,format,Number formats,Ctrl+Shift+%,,,⌃+⇧+%,,numbers-a-banker-can-read,1,,"Percent, 0 decimals.",,
ctrl-shift-bang,Comma,format,Number formats,Ctrl+Shift+!,,,⌃+⇧+!,,numbers-a-banker-can-read,1,Alt H K for Comma Style,"Comma (thousands separator), 2 decimals.",,
ctrl-shift-tilde,General,format,Number formats,Ctrl+Shift+~,,,⌃+⇧+~,,date-serials,3,,General format.,,
ctrl-shift-hash,Date,format,Number formats,Ctrl+Shift+#,,,⌃+⇧+#,,,,,Date format.,,
alt-h-0,Add a decimal place,format,Number formats,Alt H 0,,,⌥ H 0,,numbers-a-banker-can-read,1,Alt and its number once it is on the toolbar,Show one more decimal place.,,
alt-h-9,Remove a decimal place,format,Number formats,Alt H 9,,,⌥ H 9,,numbers-a-banker-can-read,1,Alt 7 once it is on the toolbar,Show one fewer decimal place.,,
alt-h-k,Comma style,format,Number formats,Alt H K,,,⌥ H K,,,,,Apply Comma Style from the Ribbon.,,
alt-h-l-n,New formatting rule,format,Conditional formatting,Alt H L N,,Alt O D,⌥ H L N,,formula-driven-rules,2,,"Open the New Formatting Rule dialog box, where a formula can drive the format.",,
alt-h-l-d,Data bars,format,Conditional formatting,Alt H L D,,,⌥ H L D,,data-bars-and-scales,2,,Draw a bar in each cell sized by its value.,,
alt-h-l-s,Color scales,format,Conditional formatting,Alt H L S,,,⌥ H L S,,data-bars-and-scales,2,,Shade each cell by its value on a color scale.,,
alt-h-l-c-s,Clear rules from the selection,format,Conditional formatting,Alt H L C S,,,⌥ H L C S,,data-bars-and-scales,2,,Remove the conditional formats from the selected cells.,,
alt-equals,AutoSum,formulas,Formulas and fill,Alt+=,Alt H U S,,⌘+⇧+T,Alt+= is not a Mac Excel chord,sum-family-and-autosum,1,Alt M U S,AutoSum the adjacent range.,,
ctrl-d,Fill down,formulas,Formulas and fill,Ctrl+D,Alt H F I D,Alt E I D,⌘+D,,copy-cut-paste-fill,1,,Fill down from the cell above.,,
ctrl-r,Fill right,formulas,Formulas and fill,Ctrl+R,Alt H F I R,Alt E I R,⌘+R,,copy-cut-paste-fill,1,,Fill right from the cell to the left.,,
f4-repeat,Repeat the last action,formulas,Formulas and fill,F4,,,F4,Mac: varies,around-the-workbook,1,Ctrl+Y when there is nothing to redo,Repeat the last action (when not editing).,f4-repeat,
f9,Recalculate,formulas,Formulas and fill,F9,,,F9,,analyst-setup,1,,"Recalculate all open workbooks (Calculate Now, when calculation is set to Manual).",calculate-now,
ctrl-backtick,Show formulas,formulas,Formulas and fill,Ctrl+`,Alt M H,,⌃+`,⌘+` cycles macOS windows,one-formula-per-row-filled-right,1,,Toggle between showing formulas and showing values.,show-formulas,
alt-h-f-i-s,Fill series,formulas,Formulas and fill,Alt H F I S,,Alt E I S,⌥ H F I S,,find-replace-timeline,1,,"Fill a series across the selection: dates, months or a step.",,
ctrl-f3,Name Manager,formulas,Formulas and fill,Ctrl+F3,,,⌘+F3,,name-manager,4,,"Open the Name Manager to see, edit or delete the workbook’s names.",,
alt-m-m-d,Define a name,formulas,Formulas and fill,Alt M M D,,Alt I N D,⌥ M M D,,find-replace-timeline,1,,Give the selected cell or range a name.,,
alt-m-x-e,Automatic except data tables,formulas,Formulas and fill,Alt M X E,,,⌥ M X E,,two-way-data-table,4,,"Set calculation to automatic except for data tables, so a model with sensitivity tables stays quick.",,
alt-m-p,Trace precedents,formulas,Auditing,Alt M P,,Alt T U T,⌥ M P,,trace-arrows-evaluate,3,,Draw arrows from the cells the active formula reads.,,
alt-m-d,Trace dependents,formulas,Auditing,Alt M D,,Alt T U D,⌥ M D,,trace-arrows-evaluate,3,,Draw arrows to the cells that read the active cell.,,
alt-m-a-a,Remove arrows,formulas,Auditing,Alt M A A,,Alt T U A,⌥ M A A,,trace-arrows-evaluate,3,,Remove the trace arrows.,,
alt-m-v,Evaluate formula,formulas,Auditing,Alt M V,,Alt T U F,⌥ M V,,trace-arrows-evaluate,3,,Step through a formula one part at a time.,,
alt-m-k,Error checking,formulas,Auditing,Alt M K,,Alt T K,⌥ M K,,error-flags-checks-summary,5,,Step through the cells Excel flags as errors.,,
alt-m-w,Watch Window,formulas,Auditing,Alt M W,,Alt T U W,⌥ M W,,error-flags-checks-summary,5,,Open the Watch Window to keep an eye on cells on other sheets.,,
ctrl-c,Copy,edit,Copy and paste,Ctrl+C,,,⌘+C,,copy-cut-paste-fill,1,Ctrl+Insert,Copy the selected cells.,,
ctrl-x,Cut,edit,Copy and paste,Ctrl+X,,,⌘+X,,copy-cut-paste-fill,1,Shift+Delete,Cut the selected cells.,,
ctrl-v,Paste,edit,Copy and paste,Ctrl+V,,,⌘+V,,copy-cut-paste-fill,1,Shift+Insert,Paste at the active cell.,,
ctrl-alt-v,Paste Special dialog box,edit,Copy and paste,Ctrl+Alt+V,Alt H V S,Alt E S,⌃+⌘+V,,paste-special-values,1,,Open the Paste Special dialog box.,,
alt-e-s-v,Paste values,edit,Copy and paste,Alt E S V,Alt H V V,,⌥ E S V,,,,Ctrl+Alt+V V Enter; Ctrl+Shift+V in current Excel,Paste values only (legacy chain).,,
alt-h-v-s,Paste Special (Ribbon),edit,Copy and paste,Alt H V S,,,⌥ H V S,,,,,Open Paste Special from the Ribbon.,,
paste-values,Paste Special: values,edit,Copy and paste,Ctrl+Alt+V V Enter,Alt H V V,Alt E S V,⌃+⌘+V V Enter,,paste-special-values,1,Ctrl+Shift+V in current Excel,"Paste the values only, no formulas or formats.",,
paste-formats,Paste Special: formats,edit,Copy and paste,Ctrl+Alt+V T Enter,,Alt E S T,⌃+⌘+V T Enter,,paste-special-values,1,"Format Painter, Alt H F P",Paste the formats only.,,
paste-transpose,Paste Special: transpose,edit,Copy and paste,Ctrl+Alt+V E Enter,,Alt E S E,⌃+⌘+V E Enter,,paste-special-values,1,,Paste the copied block turned on its side: rows become columns.,,
ctrl-shift-plus,Insert rows / columns,edit,Rows and columns,Ctrl+Shift++,Alt H I R,Alt I R,⌃+⇧+=,,around-the-workbook,1,Alt H I C and Alt I C for a column,Insert rows or columns. Select the whole row or column first (Shift+Space / Ctrl+Space).,,
ctrl-minus,Delete rows / columns,edit,Rows and columns,Ctrl+-,Alt H D R,Alt E D,⌘+-,,around-the-workbook,1,Alt H D C for a column,Delete rows or columns. Select the whole row or column first.,,
alt-h-o-i,AutoFit column width,edit,Rows and columns,Alt H O I,,Alt O C A,⌥ H O I,,select-like-you-mean-it,1,,Fit the column width to its contents.,,
alt-h-o-a,AutoFit row height,edit,Rows and columns,Alt H O A,,Alt O R A,⌥ H O A,,around-the-workbook,1,,Fit the row height to its contents.,,
ctrl-9,Hide rows,edit,Rows and columns,Ctrl+9,Alt H O U R,,Ctrl+9,Mac: varies,hide-group-freeze,1,,Hide the selected rows (Ctrl+0 hides columns).,,
unhide-all-rows,Unhide every row,edit,Rows and columns,Ctrl+A Alt H O U O,,,⌘+A ⌥ H O U O,,,,,"Unhide every row: select all first, then Format, Hide & Unhide, Unhide Rows.",,
alt-h-o-w,Column width,edit,Rows and columns,Alt H O W,,Alt O C W,⌥ H O W,,around-the-workbook,1,,Set the column width to a number.,,
alt-h-o-h,Row height,edit,Rows and columns,Alt H O H,,Alt O R E,⌥ H O H,,select-like-you-mean-it,1,,Set the row height to a number.,,
ctrl-0,Hide columns,edit,Rows and columns,Ctrl+0,Alt H O U C,,⌘+0,,hide-group-freeze,1,,Hide the selected columns.,,
alt-h-o-u-l,Unhide columns,edit,Rows and columns,Alt H O U L,,,⌥ H O U L,,hide-group-freeze,1,,Unhide the columns in the selection. Ctrl+Shift+0 does the same where Windows lets it through.,,
group,Group,data,Data and outline,Shift+Alt+→,Alt A G G,,⇧+⌥+→,,hide-group-freeze,1,,Group the selected rows or columns into an outline.,group-ungroup,
ungroup,Ungroup,data,Data and outline,Shift+Alt+←,Alt A U U,,⇧+⌥+←,,hide-group-freeze,1,,Ungroup the selected rows or columns.,group-ungroup,
alt-a-h,Hide detail,data,Data and outline,Alt A H,,,⌥ A H,,hide-group-freeze,1,,Hide (fold) the group detail.,,
alt-a-j,Show detail,data,Data and outline,Alt A J,,,⌥ A J,,hide-group-freeze,1,,Show the group detail.,,
ctrl-shift-l,AutoFilter,data,Data and outline,Ctrl+Shift+L,Alt A T,Alt D F F,Ctrl+Shift+L,Mac: varies,autofilter-subtotal,4,,Toggle AutoFilter on the header row.,,
alt-down,Open the filter picker,data,Data and outline,Alt+↓,,,⌥+↓,,autofilter-subtotal,4,,Open the filter value picker on a header cell.,,
alt-a-s-a,Sort ascending,data,Data and outline,Alt A S A,,Alt D S,⌥ A S A,,,,,Sort ascending (Alt A S D for descending).,,
ctrl-8,Outline symbols,data,Data and outline,Ctrl+8,,,⌘+8,,,,,Show or hide the outline symbols beside grouped rows and columns.,,
alt-a-s-d,Sort descending,data,Data and outline,Alt A S D,,Alt D S,⌥ A S D,,median-and-range,6,,"Sort Z to A, largest first.",,
alt-a-s-s,Custom sort,data,Data and outline,Alt A S S,,Alt D S,⌥ A S S,,sort-multi-level,4,,Open the Sort dialog box for a sort on several levels.,,
alt-a-m,Remove duplicates,data,Data and outline,Alt A M,,,⌥ A M,,remove-duplicates,4,,Remove the duplicate rows from a list.,,
alt-a-v-v,Data validation,data,Data and outline,Alt A V V,,Alt D L,⌥ A V V,,data-validation-dropdowns,4,,"Set the values a cell accepts, such as a drop-down list.",,
alt-a-e,Text to columns,data,Data and outline,Alt A E,,Alt D E,⌥ A E,,text-to-columns-flash-fill,3,,Split one column of text into several.,,
ctrl-e,Flash Fill,data,Data and outline,Ctrl+E,Alt A F F,,⌘+E,,text-to-columns-flash-fill,3,,Fill the column by the pattern of the first entries.,,
alt-a-w-t,Data table,data,Data and outline,Alt A W T,,Alt D T,⌥ A W T,,one-way-data-table,4,,Build a one- or two-way data table for sensitivity.,,
alt-a-w-g,Goal Seek,data,Data and outline,Alt A W G,,Alt T G,⌥ A W G,,goal-seek-break-even,4,,Find the input that makes a formula hit a target.,,
alt-n-v-t,PivotTable,data,Data and outline,Alt N V T,,Alt D P,⌥ N V T,,pivot-build-rearrange,4,,Insert a PivotTable from the selected list.,,
alt-p-o-l,Landscape,edit,Page layout and print,Alt P O L,,,⌥ P O L,,fit-to-one-page,1,Alt P O P for portrait,Turn the page to landscape.,,
alt-p-r-s,Set print area,edit,Page layout and print,Alt P R S,,,⌥ P R S,,,,,Set the selection as the print area.,,
alt-p-i,Print titles,edit,Page layout and print,Alt P I,,,⌥ P I,,fit-to-one-page,1,,Repeat heading rows on every printed page.,,
alt-p-b-i,Insert page break,edit,Page layout and print,Alt P B I,,,⌥ P B I,,,,,Insert a page break above the active cell.,,
alt-w-i,Page Break Preview,edit,Page layout and print,Alt W I,,,⌥ W I,,,,Alt W L back to Normal view,"See where the pages break, and move the breaks.",,
ctrl-z,Undo,edit,Workbook,Ctrl+Z,,,⌘+Z,,fix-it-in-place,1,,Undo the last action.,,
ctrl-y,Redo,edit,Workbook,Ctrl+Y,,,⌘+Y,,fix-it-in-place,1,,Redo the last undone action.,,
ctrl-s,Save,edit,Workbook,Ctrl+S,,,⌘+S,,,,,Save the workbook.,,
ctrl-f,Find,edit,Workbook,Ctrl+F,Alt H F D F,,⌘+F,,fix-it-in-place,1,,Open Find.,,
ctrl-h,Find and replace,edit,Workbook,Ctrl+H,Alt H F D R,Alt E E,⌃+H,⌘+H hides the app,find-replace-timeline,1,,Open Find and Replace.,,
ctrl-p,Print,edit,Workbook,Ctrl+P,,,⌘+P,,,,,Print.,,
