id,title,task
get-around,Get around the report,"Get around the report by its edges and fix each part you land on, then fix a typo on Costs by its address."
enter-and-fill,Enter and fill,"Fill the day names, type the missing washes, fix a figure, and fill the week and the targets."
find-and-fix,Find and fix,"Find and fix two typos, Replace All a site name and last week’s date, and clean up three cells."
paste-surgeon,Paste surgeon,"Freeze the revenue as values, fix last week’s export with Paste Special math, and paste formats, a formula and a width."
row-wrangler,Row wrangler,"Open a row for Cedar Park, drop the stale row, set the widths, group the old codes and freeze the panes."
format-the-weekly-page,Format the weekly page,"Give the plain site table the desk format: title, headers, no grid, number formats, blue inputs and a ruled total."
insert-and-amend,Insert and amend,"Add Insurance and Utilities to the site costs and get them into the total, borders intact."
formula-sprint,Formula sprint,"Build revenue, the anchored cost, gross profit, margin and share, then the totals, the blended ticket and the total margin."
combine-two-tabs,Combine two tabs,"Add Austin and San Antonio cell by cell on Combined, without typing a number."
before-you-send,Before you send,"The report goes to the CFO in two minutes: clear the internal notes and the stray formats, and leave every tab on its home cell."
weekly-sales-report,The weekly report,"Turn a plain export into a finished report: title, units, headers, live totals, number formats, a ruled total and frozen panes."
ch2-format-sprint,Format sprint,"Put the desk number format on every line of the P&L: separators, no decimals, negatives in parentheses."
ch2-to-thousands,Dollars to thousands,"The export is in dollars and the page is in thousands: divide the typed figures by 1,000 and leave the formulas alone."
ch2-flip-and-tie,Flip and tie,"The costs arrived positive in someone else’s formats: make them the page’s, negative, with subtotals that add and tie to the accounts."
ch2-custom-code,Custom code,"Write the four-section codes: washes in k, negatives in parentheses, a dash for every zero."
ch2-the-divider,The divider,"Mark where the actuals end and the estimates start: the flags, the shaded estimate headers and the divider."
ch2-top-and-bottom,Top and bottom,"Bold the four totals with a top border each, a double bottom on EBITDA, and no grid anywhere."
ch2-flag-it,Flag it,One rule on each checks block: a check that isn’t zero turns red.
ch2-print-it,Print it,"Set the pack to print: landscape, fit to one page, print titles, and the file, page and date in the footer."
ch2-pnl-to-standard,P&L to standard,"Take a raw P&L to presentation quality: title, formats, divider, borders and the print set-up."
puzzle-ch2,Whose P&L is this?,"One line on this P&L is formatted wrong, and the format tells you which: mark it and fix it."
ch3-if-ladder,IF ladder,"Flag every site below target with IF, count the sites on target, then test two conditions at once with AND."
ch3-override,Override,"Ops can overrule the POS count: read the override when it’s a number, hold it when it’s a note, and keep the ratio from erroring."
ch3-date-math,Date math,"Member tenure from the join and cancel dates, then a month end for every POS date with EOMONTH."
ch3-sumifs-sprint,SUMIFS sprint,"Revenue by site and package from the export with one SUMIFS, anchored, filled both ways."
ch3-bands,Bands,"Count the tickets under, between and over $15 and $20: the three bands have to add up to every ticket."
ch3-text-split,Text split,"Split the site codes and the memos with LEFT, RIGHT, MID and FIND: formulas, not typed text."
ch3-loan-schedule,Loan schedule,"Build the loan’s payment with PMT and its monthly schedule down to a zero balance, the rate and term anchored."
ch3-trace-the-error,Trace the error,Five error codes on the Loans page: fix each one at the cell it starts from.
ch3-tie-it-out,Tie it out,Reconcile the POS export to the managers’ tallies and get every check to zero.
puzzle-ch3,The fiscal half,The lead buyer’s fiscal year ends in June: restate every month of Clearcoat’s calendar into the buyer’s year and half.
ch4-lookup-relay,Lookup relay,"The same price three ways: VLOOKUP, INDEX and MATCH, XLOOKUP."
ch4-sort-and-filter,Sort and filter,"A two-level sort, a filter, and a SUBTOTAL that counts only what shows."
ch4-pivot-in-90,Pivot in 90,"A PivotTable from the export: sites down, weeks across, washes summed."
ch4-data-table,Data table,A two-way sensitivity on ticket and member share.
ch4-goal-seek,Goal Seek,The washes a day each site needs to break even.
ch4-name-it,Name it,"Name the toggle and the key inputs, then jump to each by name."
ch4-cube-it,Cube it,"Two SUMIFS cubes, washes and revenue by site and week, that tie to the export."
ch4-six-tabs,Six tabs,"Put the same units line and check row on all six site tabs at once, then fix one site’s typo without touching the others."
ch4-two-pickers,Two pickers,"A site picker and a week picker return washes from the cube, and the answer survives an inserted row."
puzzle-ch4,The missing washes,"The site tabs say one number and the POS export another, so find the washes that went missing."
ch5-statement-link,Statement link,"Carry net income to the cash flow statement and into equity, and land closing cash on the balance sheet, until it balances."
ch5-schedule-fill,Schedule fill,"Fill the PP&E roll on Schedules right from FY26 to FY31, every row one formula, and give the memo its 0.0x format."
ch5-balance-it,Balance it,"The balance sheet is out from FY27: find the earliest year the check fails, then fix the break at its source with no plug."
ch5-discount-it,Discount it,"Build the periods, the discount factors and the present values on DCF by hand, then prove them with NPV."
ch5-sweep,Sweep,"Write the revolver’s draw and repayment with MAX and MIN, then run cash short in FY28 and watch it draw and repay."
ch5-checks,Checks,"Rebuild the top of the checks sheet: the balance, cash and debt checks, labeled, live and reading 0, in the desk number format."
ch5-revenue-build,Revenue build in three,"Take the cut-back revenue build on Schedules to a total that ties, every row one formula filled right, inside three minutes."
puzzle-ch5,Why doesn’t it balance?,Trace a round-number balance sheet error back to its source.
ch5-is-it-revenue,Is it revenue?,Eight lines of money came in this month: mark what is revenue and total it.
ch5-four-rungs,Four rungs,"One site’s month four times over, each with one more timing gap, so build cash from operations at each rung."
ch5-two-balance-sheets,Two balance sheets,"Two balance sheets and the year between them, so write the cash flow statement by formula only and land on the change in cash."
ch5-two-landings,Two landings,"Seven events, and for each you pick the two lines that move, with the balance check telling you when they are all placed."
ch5-name-the-driver,Name the driver,"Six balances and six drivers, so match each balance to the line that moves it."
ch5-dep-waterfall,Depreciation waterfall,"Five years of rollout capex, each on its own row over twenty years, plus the old tunnels running off."
ch5-breaker,Breaker,"Someone typed text into an interest cell and the model is a wall of errors, so get it back inside a minute."
ch5-circle-hunt,Circle hunt,"Something on this model adds itself and iteration is on, so nothing warns: find it and fix it."
ch5-normalize-the-year,Normalize the year,"FY31 still opens six sites, so build the normalized year beside it and feed the perpetuity from that."
ch5-dcf-read-back,DCF read-back,"Under enterprise value, show how much of it is the terminal value and what multiple it implies."
ch6-spread-a-comp,Spread a comp,"Spread Summit Express Wash on Comps row 7, from its share price to its multiples and its leverage."
ch6-median-and-range,Median and range,"Flag the comps set, drop the struggling operator, and apply the median multiple to Clearcoat’s EBITDA."
ch6-sources-and-uses,Sources and uses,Build the sources and uses on the LBO so the sponsor’s equity is the plug and the two sides tie.
ch6-irr-sprint,IRR sprint,"Take the LBO from exit equity to IRR and MOIC, then check IRR by hand with RRI."
ch6-waterfall,Waterfall,"Run each bid on Bids down its waterfall, from enterprise value to every owner’s proceeds."
ch6-football-field,Football field,"Link the football field on the Summary, one line per method, low, mid and high, with no typed figure."
ch6-paper-lbo,Paper LBO,"Take the paper LBO from sources and uses to IRR on one sheet, every block one formula, inside three minutes."
ch6-three-ways-to-a-price,Three ways to a price,"Three median multiples, three implied equity values, three bids: which bid clears which?"
ch6-ltm-two-ways,LTM two ways,"LTM EBITDA from the fiscal year and the year to date, tied to the four quarters."
ch6-napkin,Napkin LBO,"A bid, a leverage multiple, flat EBITDA and the debt left at the exit: sources and uses, MOIC and the annual return two ways."
ch6-cap-the-amort,Cap the amortization,"At 40% a year the senior loan’s balance goes negative in year three, so cap the repayment."
ch6-lenders-return,Lender’s return,"The senior lender’s cash flows on one row, and their IRR, which should sit near the loan’s rate."
ch6-ceiling-price,Ceiling price,"The most a sponsor can pay at three hurdles, by formula."
puzzle-ch6,Which bid is really higher?,"Rank the three bids by what the owners take home, not by the headline."
