id,module,order,title,brief,closing,wow,convention_line,mac_note,story_beat
inherited-workbook,open-and-set-up,1.1.1,The workbook management sent,"Management sent the Austin cluster’s site feed, and it arrived the way inherited files do: a tab still called Sheet2, a dead half-export, no page for the report. First get to the bottom of the feed the slow way and the fast way, on your own clock. Then tidy the file, because the tab names you set are the names every reference will carry — the key move is `Ctrl+↓`.","That difference is the whole idea: your hands learn the fast way on a real sheet, job by job. || This feed becomes a one-page weekly report — page one of the sale pack, the document the buyers read. You build it in this chapter.",,"The mouse is for reviewing, not building · Name the tabs; outputs left, data right",,
ribbon-by-keyboard,open-and-set-up,1.1.2,The Ribbon by keyboard,"Every command in Excel is reachable without the mouse: Alt shows a letter on everything. Walk the Ribbon that way once, and turn the gridlines off on Report — it is a page people read, not a grid. The door is `Alt`.",,,"Borders carry structure, not gridlines · The mouse is for reviewing, not building",,
analyst-setup,open-and-set-up,1.1.3,Set Excel up like an analyst,"Before the real work, set the machine up once, the way every desk does on day one. Calculation stays Automatic, iterative calculation goes on, and the four formatting commands you will use all week go on the Quick Access Toolbar. It all lives behind `Alt F T`.",,,"Set up once: calc mode, iteration, defaults · Alt+number beats a long Alt chord",,
colour-label-hardcode,open-and-set-up,1.1.4,"Color, label, one hardcode per cell","The Inputs sheet is where every number someone typed will live, and a reviewer must see at a glance which numbers those are. Color the typed inputs blue, state the units once, and dig the wholesale price out of the formula it is buried in. The brush is `Alt H F C`.",,,"Inputs blue, formulas black · One input, one cell; formulas reference it · Label the source (""per utility contract"") · Inputs, calcs, outputs — in that order · A units line: ""USD unless stated""",,
challenge-inherited-file,open-and-set-up,1.1.C,Challenge: another cluster’s file,A sister cluster’s workbook just arrived in the same state: set it up to house standard.,,,,,
jump-dont-scroll,move-and-select,1.2.1,"Jump, don’t scroll","The associate has five questions about the feed, and every answer is a cell. Analysts do not scroll to a cell — they jump, and the jump key is `Ctrl+↓`.",,,"The mouse is for reviewing, not building",,
select-like-you-mean-it,move-and-select,1.2.2,Select like you mean it,"Everything you format later starts with the right selection, made in one or two presses. Practice the set on the feed — the workhorse is `Ctrl+Shift+↓`.",,,"The mouse is for reviewing, not building",,
around-the-workbook,move-and-select,1.2.3,Around the workbook,"Four sheets, one question at a time, and some answers live a sheet away. For a far-off or cross-sheet target you name the cell and go — that is the one honest use of `Ctrl+G`.",,,"The mouse is for reviewing, not building",,
typed-vs-calculated,move-and-select,1.2.4,What’s typed and what’s calculated,"A buyer will ask which cost figures were typed and which are calculated, and the Costs sheet does not say. Make it say: constants blue in one stroke, formulas checked, blanks found — all through `Alt H F D S`.",,,"Go To Special, show formulas, trace · Inputs blue, formulas black",,
challenge-find-and-mark,move-and-select,1.2.C,Challenge: find and mark,"A fresh feed, Revenue now computed — with stray typed numbers hiding in it: find them and mark them blue.",,,,,
enter-the-missing-day,enter-edit-copy-fill,1.3.1,Enter the missing day,"Airport’s Saturday never came through on the platform feed, and management has emailed the four figures. Enter the day, put 0 into the five blank energy costs in one press, and clear a stray note — the site totals answer the moment the day lands. A row of figures goes in without touching the arrow keys: the key is `Tab`.","The emailed day is on the feed, and the Airport total moved the moment it landed. Read what Excel tells you (F5): Go To Special lights up the five blanks before you commit, and a total that answers says the entry is in.",,"The count, the proposal, the error code",,
fix-it-in-place,enter-edit-copy-fill,1.3.2,Fix it in place,"The feed is complete but not clean: two site names are misspelled, one kWh figure was typed as text, and E41 shows 81500 for a single day's revenue. Find each cell, open it and change only what is wrong — a reviewer trusts the person who reads a cell before retyping it. The key is `F2`.","Every fix went in place: F2 opened the cell, the insertion point moved, only the wrong characters changed — and the site totals beside the feed answered without being asked. || Read what Excel shows you: a figure on the left is text, and a revenue far above its neighbors is a typo, not a record day.",,"Build references by pointing; F2 to read back · The count, the proposal, the error code",,
copy-cut-paste-fill,enter-edit-copy-fill,1.3.3,"Copy, cut, paste, fill","Report is still blank and the associate wants its skeleton before the figures arrive: title, units, headers, the site list and the week label, plus the feed’s Notes block moved beside the feed. Nothing is typed twice — the headers already sit on Raw, the sites on Inputs, and one label fills five rows and six columns. The key is `Ctrl+C`.","The Report has its shape, and nothing on it was typed twice: the headers came from Raw, the sites from Inputs, and one week label went down five rows and across six columns from a single copy — fill, don’t retype (E3). || The Notes block now sits beside the feed where a reader finds it, and the feed’s block ends where the data ends.",,"Ctrl+D down, Ctrl+R across · Inputs, calcs, outputs — in that order",,
paste-special-values,enter-edit-copy-fill,1.3.4,"Paste Special: values, formats, transpose","The Report needs this week’s site totals and last week’s revenue beside them — as numbers that stay put once the page is sent, not links that move with the feed. Paste Special brings one aspect of what you copied: values only, formats only, or a block turned on its side, so the snapshot is taken on purpose. The key is `Ctrl+Alt+V`.","The Report now carries this week’s and last week’s site figures as a snapshot: the feed can move, the page will not — Paste Special on purpose (E4). || The total row went in plain, and its SUM followed the paste to C5:C9; the site list stands across the sensitivity table without a name retyped.",,"Values to snapshot, never over live formulas",,
find-replace-timeline,enter-edit-copy-fill,1.3.5,"Find, replace, fill a timeline","Last week’s label, w/c 08 Sep (week commencing), still sits in twelve cells across the Report and Inputs, one Airport row on the feed is spelled Airprot, and the daily table has no day header. Replace the label on the Report and on Inputs, reading the count each time, find and fix the typo, then let Fill Series write Mon–Sat and the dates. The key is `Ctrl+H`.","The stale week label is gone from both sheets in two Replace Alls, and Excel reported how many cells it touched each time — read what it tells you (F5). || The daily table now carries one timeline row: Mon to Sat with the dates under them, written as a series rather than typed six times (C2).",,"The count, the proposal, the error code · Timeline on top, equal widths",,
challenge-complete-the-feed,enter-edit-copy-fill,1.3.C,Challenge: complete the feed,"A fresh cut of the Austin feed came in with a day missing, a text figure and typos: complete it, clean it, then start the Summary tab with a snapshot and the week’s timeline.",,,"Values to snapshot, never over live formulas",,
rows-cols-honest-totals,structure,1.4.1,Rows and columns that keep the totals honest,"Cedar Park opened this week and needs a row inside the Report block, the old platform’s Old code column has to go, and a Margin % column is coming. Insert and delete whole rows and columns and watch the total row follow every edit — then see what happens to a SUM when the column it reads is deleted. The key is `Ctrl+Shift+=`.","Cedar Park’s row went in inside the block, the Old code column came out and Margin % went in, and the total row followed every edit without a formula retyped — a total that follows its rows is the first check (F1). || Deleting the column a SUM reads turned it to #REF!: that is a message, not damage — read it (F5) — and Ctrl+Z put the feed and its totals back.",,"The check is a live difference → 0 · Write once, fill right · The count, the proposal, the error code",,
widths-heights-autofit,structure,1.4.2,"Widths, heights, AutoFit","The Report’s columns are still Excel’s defaults: South Lamar is cut off at the default width, the header row is clipped, and every column sits at 8.43 characters wide. Set the day columns to one width and the comparison columns to another, fit the label column to its site names, size the title row, and wrap the headers so nothing is clipped. The key is `Alt H O W`.","The Report’s columns now read as a page: the six day columns share one width, the comparison columns another, the label column fits its longest site name, and nothing in the header row is clipped — equal period columns (C2). || AutoFit fits whatever happens to sit in a column — one stray label lower down in E breaks the equal period columns — so set period columns by hand, and let AutoFit size the labels and the wrapped rows.",,"Timeline on top, equal widths",,
hide-group-freeze,structure,1.4.3,"Hide, group, freeze","The Report’s Energy cost and Gross profit columns are workings the reader does not need, and a buyer’s analyst who finds a hidden column will wonder what else is hidden. Hide them the way most people do, then unhide them and group them instead, and freeze the heads so the page scrolls without losing them. The key is `Alt+Shift+→`.","The two working columns are grouped, not hidden: a hidden column vanishes and gets forgotten, a grouped one shows its button and folds away when the reader wants the page clean (C7). || The title, units, header row and site labels are frozen at B5, so the Report scrolls without losing its heads (C8) — and Cedar Park’s kWh still moves the Total.",,Hidden columns get forgotten · Keep the timeline and labels in view,,
challenge-reshape-the-report,structure,1.4.C,Challenge: reshape the report,"A sister cluster’s KPI report arrived with a site missing, a stale column, uneven widths, a hidden column and nothing frozen: reshape it to house standard, and the totals must still tie.",,,"The check is a live difference → 0 · Timeline on top, equal widths · Hidden columns get forgotten · Keep the timeline and labels in view",,
numbers-a-banker-can-read,format,1.5.1,Numbers a banker can read,"The Report’s figures are typed the way the feed sent them, with stray decimals and no thousands separators, and a reader who has to squint at 18439.2 in a total stops trusting the page. Format Cells (Ctrl+1) sets the desk number format (a thousands separator, no decimals and a negative in parentheses) from the Number category on its Number tab. The chords Ctrl+Shift+1, 4 and 5 apply Number, Currency and Percent in one press, and Alt, H, 9 and 0 take a decimal off and put one on. The key is `Ctrl+1`.","Every figure on the Report now reads the way a banker formats it: one decimals setting down each line, the $ on the first and total rows only, negatives in parentheses by style rather than a leading minus. Ctrl+1 set the desk number format once, F4 and Paste Formats repeated it, and the chords did the counts, the currency and the percent in one press each. || Top-bucket tip: percentages to one decimal, currency to none, per-unit figures to two, and never mix decimals down a column.","Every figure has its commas, its decimals and its $ where they belong, and one format runs down each line.","Parentheses, never a leading minus; One decimals setting per line; $ on the first and total rows","Some Mac and non-US regional settings don’t list the (1,234) choice under Negative numbers. There, choose Custom at the bottom of the Category list and type #,##0_);(#,##0) into the Type box: it’s the same format, written out by hand.",
fonts-fills-borders,format,1.5.2,"Fonts, fills, borders","The Report’s figures read right, but nothing on the page tells the eye where to look: the title, the headers and the total row all sit in plain text. Bold the title and take it one size up, bold the header and total rows, give the total row a top border (a top border, never a grid) and tint the input block on Inputs so a reader knows what they’re allowed to change. The key is `Alt H B`.","You put a top border on the total row, and top borders are preferred because you can insert rows of data above them and never have to fix the total’s border. The title is the one cell on the page a size up, and the input block on Inputs carries the tint that says ""change these"". || Top-bucket tip: use no vertical borders ever, put a double bottom border on the final total of a statement, and add no fills except the input tint. A grid is not structure, and a top border is.",Bold where it matters and a line over the total. The eye knows where to go now.,"A top border, never an all-borders grid; A tint marks the input block; No color for decoration",,
alignment-and-titles,format,1.5.3,Alignment and titles,"The Report’s figures and fonts are right, but the title sits in the corner, the headers sit left while their numbers sit right, and the daily table’s lines all start flush. Center the title across the page without merging (Center Across Selection, never Merge & Center, because a merged cell breaks selection, fill and sorting for everyone after you), right-align the headers over numbers, indent the daily lines, and learn to move around a dialog without the mouse while you’re in Format Cells. The key is `Ctrl+1`.","The title is centered across the page and no cell was merged, so Ctrl+Shift+→ still sweeps the row and every fill and sort will still work. Headers sit over their numbers; the daily lines sit under their heading; the hierarchy reads without a word added. || Best practice: if you ever inherit a page with merged cells, unmerge them first (Alt, H, M, U) and center across instead. Everyone after you will thank you.","The title is centered across the page, and not one cell was merged to do it.",Merged cells break everything; Indent sub-items; headers over numbers,,
the-style-pass,format,1.5.4,The style pass,"A manager sent the Costs sheet in General format with an all-borders grid over the whole block, so it doesn’t read like the rest of the file, and Inputs and the totals block on Raw have grids too. Two ways to format at speed: Paste Special Formats copies a whole table’s format onto another table in one paste, and F4 repeats the last action on the next block, and the next. Copy the Report’s format onto Costs, then take three grids off with one command and two F4s. The key is `F4`.","Paste Special Formats carries everything a block wears (number formats, bold, alignment, borders) onto another block the same shape, so a page you’ve already formatted becomes the template for the next one. F4 repeats a single action wherever you land: do it once, F4 the rest. Between them, formatting stops being work. || The Borders button on the toolbar you built in 1.1.4 (Alt and its number on your toolbar) opens the menu All Borders sits in, the command that drew these grids. Now you know how to undo everyone else’s.",One paste dressed a table. One command and two F4s cleared three grids.,"One decimals setting per line; A top border, never an all-borders grid; Alt+number beats a long Alt chord",,
challenge-to-standard-in-three-minutes,format,1.5.C,Challenge: the desk’s format in three minutes,"The San Antonio cluster’s weekly report arrived as a bordered grid of General numbers with a minus sign in the gross profit. Give it the desk’s format in three minutes, from the figures, Ctrl+1’s Number category with the (1,234) negative, to the centered title.",,,"Parentheses, never a leading minus; One decimals setting per line; A top border, never an all-borders grid; Inputs blue, formulas black; Merged cells break everything",,
point-dont-type,formulas,1.6.1,"Point, don’t type","A formula starts with = and recalculates the moment an input changes, and that’s the difference between a spreadsheet and a calculator. You build one by pointing: type =, walk to the cell with the arrow keys and its address writes itself, type the operator, point at the next cell, Enter, but never type an address you can point at, because typing is where the wrong-cell errors come from. The CFO wants three calculated lines beside the site figures: gross profit, average ticket and margin. Build each once by pointing, then fill them down in one press. The key is `=`.","= then the arrow keys wrote D5 and E5 for you, and F2 showed them lit in color when you read them back. One row of three formulas, filled down the sites in one press, and Domain’s average ticket answers the moment its washes change. || Fix from earlier: the cost per wash was typed inside a formula on Inputs. Now it references its own cell, by address or by the name you gave it, and one change moves every formula that reads it. || Desk habit worth knowing: + starts a formula too. Type +D5-E5 and Excel writes =+D5-E5, the same formula, because on a numeric keypad + sits under your hand and = doesn’t, and the analysts who live on the keypad start every formula that way. Here it counts the same as = (M63).",Three formulas built by pointing and filled down six sites in one press.,"Build references by pointing; F2 to read back; $ on the first and total rows; One input, one cell; formulas reference it",,
sum-family-and-autosum,formulas,1.6.2,SUM family and AutoSum,"The total row is missing its Gross profit SUM, the total’s average ticket and margin are still blank, and the CFO wants a week summary under the report: the average, best and lowest site, and a count of the figures and of the site names. Alt+= is AutoSum: on one empty cell it proposes a SUM over the numbers above; over a whole block it writes every column’s SUM into the row below in one press. AVERAGE, MAX, MIN, COUNT and COUNTA take the same kind of range. The key is `Alt+=`.","Alt+= over the six sites’ figures wrote every column’s SUM into the row below at once. That’s the move: AutoSum the whole block plus its empty edge, never one column at a time. || The week summary reads the six sites with AVERAGE, MAX, MIN, COUNT and COUNTA. Clear one site’s washes and the average and COUNT move while COUNTA doesn’t, because a blank is not a zero.","Every column’s total in one press, and a week summary that reads the sites.","Alt+= once, across the block",,
anchors-dollar-and-f4,formulas,1.6.3,Anchors: $ and F4,"When you fill a formula, its references move with it (down a row, across a column), and usually that’s what you want. Sometimes it isn’t: a price in one cell, a rate at the top of a column, and the reference has to stay put. A $ in front of a row or a column pins it ($C5 keeps the column, C$4 keeps the row, $C$5 keeps both), and F4 inside an open formula cycles the four states so you never type a $. The CFO wants each site’s weekly wash cost at three prices: one formula for a grid of eighteen cells. The key is `F4`.","=$C5*J$4 covered the whole grid: the $ before C held the washes column when you filled right, the $ before 4 held the price row when you filled down. F4 set both anchors while you typed; you never pressed the $ key. || The three prices live in their own cells, blue, and every formula points at them instead of carrying a number inside. Change a price and its whole column answers. || Best practice: to move a formula without changing what it reads, cut it (Ctrl+X) and paste. A moved formula keeps its references and the cells that read it follow; a copy shifts them.","One formula covered eighteen cells, filled both ways, because two anchors held.","Know the four anchor states; One input, one cell; formulas reference it",,
link-across-sheets,formulas,1.6.4,Link across sheets,"The Report’s site figures are a pasted snapshot of Raw’s totals, so the next feed will leave them stale. A link is a formula that reads a cell on another sheet: =Raw!I8 (the sheet name, an exclamation mark, then the cell). You can type it, or point at it: with the formula open, switch sheets with the sheet key, walk to the cell, Enter, and Excel writes the reference for you; links are green, so a reader knows which figures come from elsewhere. Replace the snapshot with links, and compute wash cost from the price on Inputs, so the page updates itself. The key is `Ctrl+PgDn`.","=Raw!I8 is the sheet name, an exclamation mark and the cell. You typed one, pointed one, then wrote a whole column of them with Ctrl+Enter, and the cost per wash on Inputs, anchored, now drives every wash cost, gross profit and margin on the page. || Links are green so a reader knows which figures come from elsewhere in the file; Ctrl+[ follows one back to its source, and the sheet key returns. A link to another workbook would show red, and the desk avoids those.",Every site figure is a link now. The next feed flows straight onto the page.,Links green; external links avoided; Check for stray links before sending,"Pointing across sheets while a formula is open: ⌥→ and ⌥← switch sheets on a Mac. In a browser on Windows, Alt+PgDn and Alt+PgUp do it, and Ctrl+PgDn works in fullscreen or the installed app.",
one-formula-per-row-filled-right,formulas,1.6.5,"One formula per row, filled right","The daily table on the Report has to read off Raw’s by-day block, washes for each site on each day. The CFO’s assistant filled rows 18 to 21 already and retyped one cell over its formula, and Domain’s row 17 is yours: one formula filled right covers the six days. Ctrl+` shows every formula’s text in place of its value, so a typed number sitting in a row of links stands out at a glance, and that’s the one audit you’ll run on every table someone else built. The key is `Ctrl+R`.","Domain’s week went in as one formula filled right, never six typed links, and Ctrl+` showed the pattern with the one dead number standing out. F2 then Ctrl+Enter filled the row back from its own formula instead of retyping it. || Every link in the daily table reads green, and Domain’s Monday on the feed moves the Report’s B17 the moment it changes.","One formula filled right covered six days, and Ctrl+` found the typed number in one press.","Write once, fill right; Ctrl+D down, Ctrl+R across; Links green; external links avoided",,
read-the-error-follow-the-trail,formulas,1.6.6,"Read the error, follow the trail","Costs came back from a manager with its Total column showing error codes instead of figures, and the cost-per-wash line broken with them. Each code is a message about what broke: #REF! a deleted reference, #NAME? a name Excel doesn’t know, #VALUE! text where a number belongs, #N/A a lookup that found nothing, #DIV/0! a division by an empty cell, #NUM! a result Excel can’t hold. Read it, follow the trail to the cell the formula reads with Ctrl+[, and fix the input or the formula. Never paste a number over it. The key is `Ctrl+[`.","Each code was a message (a deleted reference, a misspelled name, a word where a figure belongs, a lookup that found nothing, a division by an empty cell), and Ctrl+[ followed the trail to the cell each formula reads, across sheets too. || Not one number was pasted over a formula: the totals are live, black like every formula, and Domain’s rent still moves the cost per wash.","Five error codes read and fixed at the source, and nothing pasted over.","The count, the proposal, the error code; Go To Special, show formulas, trace; Inputs blue, formulas black",,
challenge-the-site-pnl,formulas,1.6.C,Challenge: the site P&L,"The San Antonio cluster’s P&L, its profit and loss by site, arrived typed from last week with 1.50 typed inside its formulas, two errors and no totals. Link it to Raw, anchor the cost per wash, build one formula per column, total it and add margin, all of it on the clock.",,,"Inputs blue, formulas black; Links green; external links avoided; One input, one cell; formulas reference it; Build references by pointing; F2 to read back; Alt+= once, across the block; Write once, fill right",,
fit-to-one-page,present-and-audit,1.7.1,Fit to one page,"The Report is finished and the deal team, the people running the sale, will print it and read it on paper, where a page that spills onto a second sheet reads as careless. Set it to print landscape on one page, with the title rows repeated and the file name and date in the footer, so every copy says what it is. The key is `Alt P S P`.","The Report now prints on one landscape page with its title rows on every sheet and the file name and date in the footer: the print set-up is part of the model (G1), and a page reads the way the buyer reads it, title, units, timeline, then the answer (G2). || Before it goes out, save it as a new version rather than over the only copy (A6); the sheet itself did not change, and Cedar Park’s kWh still moves the Total.",,"Fit to page, titles, footer · Title, units, timeline, then the answer · Never overwrite the only copy",,
the-checks-row,present-and-audit,1.7.2,The checks row,"The Report is ready to print, but nothing on it says whether it is right: the deal team, the people running the sale, want a line for each thing that must agree before the page goes out. Three such lines under the week summary make a checks row, the first thing a reviewer looks for. The key is `=`.","The checks row goes to zero when the page ties: three live differences, one for each thing that must agree, so a broken link or a bad total shows as a number before anyone else sees it (F1). || The revenue check reads the feed across sheets, and Ctrl+[ takes a reviewer straight to the first figure it compares.",,The check is a live difference → 0,,
hardcode-hunt,present-and-audit,1.7.3,Hardcode hunt,"The associate’s marked-up copy of the Report came back with eight faults from the day-one list, the faults a reviewer checks first, and the page goes to the buyer tonight. The audit pass finds them the way a reviewer would, with Go To Special, show formulas and your eyes on the page, and you fix every one without changing anything else. The key is Ctrl with the backtick key, `Ctrl+Backtick`.","Eight faults found in a colleague’s file in two minutes, the way a reviewer finds them: Go To Special for the typed numbers, show formulas for the literal and the retyped Thursday, the page for the rest (F3). || Cedar Park’s emailed figures now read blue, so the one row that is not a link says so (B1), and the title is centered across the page, not merged (D7).",,"Go To Special, show formulas, trace · Inputs blue, formulas black · Merged cells break everything",,
challenge-audit-before-you-send,present-and-audit,1.7.C,Challenge: audit before you send,"A sister cluster’s finished Report goes to the buyer in three minutes and its checks row ties, yet it carries five faults an audit pass finds: fix every one, change nothing else, then add the page number.",,,"Go To Special, show formulas, trace · Inputs blue, formulas black · Merged cells break everything · Fit to page, titles, footer",,
weekly-kpi-project,project-and-assessment,1.8.P,Project: the weekly KPI report,"Management’s next feed is in, w/c 22 Sep, and the Report is blank: page one of the pack, the document the buyers read, is yours to build start to finish. Every step is one the chapter taught, from the title to the print set-up, and the page must tie before it goes out. The key is `Ctrl+PgDn`.","Page one of the pack is done: a fresh feed, a blank sheet, and fourteen steps later a linked, totaled, formatted and print-ready report whose checks read zero (F1). || The associate would have checked what the checks row checks — revenue ties to the feed, the sites sum to the total, the margin is plausible — then that every link is green (B2), every figure carries the team’s format with $ on the first and total rows, and the page prints on one landscape sheet with its heads repeated (G1).",,"Inputs blue, formulas black · Links green; external links avoided · One input, one cell; formulas reference it · A units line: ""USD unless stated"" · Parentheses, never a leading minus · One decimals setting per line · A top border, never an all-borders grid · Merged cells break everything · The check is a live difference → 0 · Fit to page, titles, footer",,
foundations-assessment,project-and-assessment,1.8.A,Assessment: Monday morning,"Monday 7:10am. The associate wants the page before the 9:00: a sister cluster’s w/c 22 Sep feed sits on Raw, the Report is blank, and the page is the one the project built, links, totals, margins, daily block, checks, formats and print set-up, in eight minutes. The key is `Ctrl+PgDn`.","Page one of the pack, the document the buyers read, built from a blank sheet in one sitting on a feed you had never seen: every figure a live link or a formula, the checks at zero, the print set-up done. || The associate would have looked at the same things the goals did: green links and blue-free formulas (B1, B2), the price anchored on Inputs (B4), $ only on the first and total rows (D4), a top border on the total (D5), and a page that fits one sheet (G1).",,"Inputs blue, formulas black · Links green; external links avoided · One input, one cell; formulas reference it · A units line: ""USD unless stated"" · Parentheses, never a leading minus · One decimals setting per line · A top border, never an all-borders grid · Merged cells break everything · The check is a live difference → 0 · Fit to page, titles, footer",,
foundations-testout,project-and-assessment,1.8.T,Test out of Foundations,"Already know the chapter? A sister cluster’s finished Report arrived with ten faults across everything Foundations covers: the view, the inputs, the feed, the week label, the panes, a hidden column, a number format, a total and a link. Fix all ten in five minutes and the chapter is yours; the key that gets you to each one is `Ctrl+G`.","Ten faults across the seven modules of Foundations, found and fixed in one sitting: the page reads clean, every input says so in blue (B1), every link is live and green (B2), and the checks row ties. || That is the chapter: moving without the mouse, marking what is typed, keeping the formulas live, and leaving a page the reader can trust.",,"Borders carry structure, not gridlines · Inputs blue, formulas black · Links green; external links avoided · Keep the timeline and labels in view · One decimals setting per line · Go To Special, show formulas, trace · Fit to page, titles, footer",,
built-in-formats-on-a-pnl,number-formats,2.1.1,Built-in formats on a P&L,"Management’s P&L export arrived as raw General numbers: cents on every line, no thousands separators, and a site count dressed as $28.00. Give the whole block the format a reader can scan in one selection, free the count of its dress, and finish the Inputs page. The key is `Ctrl+1`.","Every figure on the P&L now reads with one decimals setting down each line (D2): the block took one selection and one chord, the count lost the dress the export gave it, and the per-site figure carries its $. The margins in rows 11 and 18 still read as 0; the next lessons give them their sign and their percent. || Ctrl+1 did the dialog work and Ctrl+Shift+1 and 4 did the same in one press; FY24A’s public charging still moves Total revenue, all the way to column P’s check.",,One decimals setting per line,,
sign-convention-costs-negative,number-formats,2.1.2,Sign convention: costs negative,"The export writes every cost as a positive figure and subtracts it later, so nothing on the page says which lines are costs. The house convention is chosen once and stated once: income positive, costs negative, subtotals as sums. One -1 and Paste Special flip five lines in two pastes; the key is `Ctrl+Alt+V`.","Costs read in parentheses down every line and every subtotal is a sum, so a reader can tell a cost from a revenue at a glance and never wonders which sign a formula flips (C4, D1). The units line says so once, in A2, and the check in D23 still reads zero all the way to column P. || Two pastes did the work of retyping sixty figures: Paste Special multiplies the copied value into the selection, which is the same dialog that freezes values and copies formats (E4).",,"Income positive, costs negative · Parentheses, never a leading minus · Values to snapshot, never over live formulas",,
currency-and-percent-lines,number-formats,2.1.3,Currency and percent lines,"The block reads in comma style, but a page of dollar figures carries its $ on the first row and the totals only, and the margins still read as 0 because a comma style makes nothing of a fraction. Put the $ where it belongs and the margins in percent, one decimal. The route is `Alt H A N`.","The $ now sits on the first row and the totals only, the lines between read as plain figures, and both margins read as percentages to one decimal: one decimals setting down each line, the currency sign where a reader expects it (D4, D2). || Accounting Number Format did the $ rows in one route each; the same page will wear the house’s own four-section codes in the next module, and this is the shape they reproduce.",,"$ on the first and total rows · One decimals setting per line · Parentheses, never a leading minus",,
dates-on-the-timeline,number-formats,2.1.4,Dates on the timeline,"The header row is still the export’s: bare years over the annual columns and bare serial numbers over the months. A timeline row heads every page a reader opens, so label the years the way the book will, dress the month ends as dates, and set the row over its numbers. The key is `Ctrl+1`.","One timeline row heads the page, FY24A to FY26E then Jan-26 to Dec-26, bold and right-aligned over its numbers (C2, D6). The A and E in the labels say which years are actual and which is an estimate, so a reader never has to ask. || The month headers are still numbers underneath: a date is a serial of days wearing a format, which is why the next module can build labels from them with TEXT.",,"Timeline on top, equal widths · Indent sub-items; headers over numbers",,
challenge-format-the-numbers,number-formats,2.1.C,Challenge: a raw P&L to standard in three minutes,"A cluster’s three-year P&L arrived as General numbers with the costs typed positive and the site count dressed as dollars: bring every number to the house standard, signs included, in three minutes.",,,"Parentheses, never a leading minus · One decimals setting per line · $ on the first and total rows · Income positive, costs negative · A units line: ""USD unless stated""",,
the-four-section-format,custom-number-formats,2.2.1,The four-section format,"The built-in styles got the page readable; the house’s own codes make it exact. A custom format is a code of up to four sections, positive, negative, zero and text, so the same line shows a parenthesis, a dash and a space where a parenthesis would sit. Dress the block in the house set; the door is `Ctrl+1`.","Every figure on the page now wears one of three house codes: a negative in parentheses, a zero as a dash, a positive padded so the columns line up (D1, D3). Nothing was typed beside a number to get there: the format does the labelling (D9). || Ctrl+1 then U opened the Custom box, and F4 repeated a code on the next line the way it repeats any format; the next lessons put units and conditions into the same codes.",,"A dash, not 0.0 · Units live in the format, not typed text · Parentheses, never a leading minus",,
units-in-the-format,custom-number-formats,2.2.2,Units in the format,"A unit typed beside a number turns it into text: the leverage on Inputs reads 2.9x and no formula can use it. The format carries the unit instead, so per-site revenue reads in $k, a multiple reads with its x and a tariff step in bps, while the number underneath stays a number. The door is `Ctrl+1`.","Every unit on the three pages now lives in a format: $k on the per-site line, x on the multiples, bps on the tariff step, k on the kWh (D9). The figures underneath are plain numbers, so a formula can link to any of them and the decimals stay consistent down each line (D2). || The Custom box quoted the letters for you: what you typed as 0.0x it stored as 0.0""x"", which is exactly what Excel’s box does.",,"Units live in the format, not typed text · One decimals setting per line · A units line: ""USD unless stated""",,
dynamic-headers-with-text,custom-number-formats,2.2.3,Dynamic headers with TEXT,"A typed header goes stale the day the timeline moves; a header built from a date never does. Put the three year ends in row 3, build the FY labels from them with TEXT, and build both page titles from the labels, so one changed date rewrites the page. The function is `TEXT`.","Every label on the page now reads from a date: the year ends in row 3, the FY labels from them, the titles from the labels (D9, G3). Move one year end and the whole header rewrites itself, which is what a timeline row is for (C2). || TEXT rendered a date through a format code and & joined the pieces, the same two moves that build any dynamic label: a week-of line, a ""USD thousands"" note, a period count.",,"Units live in the format, not typed text · Attention to detail is judged first · Timeline on top, equal widths",,
conditional-codes-and-hidden-zeros,custom-number-formats,2.2.4,Conditional codes and hidden zeros,"A format section can open with a condition or a color, and an empty section shows nothing at all. Let the kWh line pick k or m by size, hide the zeros in the working rows, and make every check read a red ERROR or a plain OK instead of a bare 0. The door is `Ctrl+1`.","The working rows read as marks, the kWh line picks its own unit, and every check on the three pages reads OK or shouts ERROR in red the moment two things disagree (D3, D9, F1). Not one of those cells holds anything but a number. || That is the whole house number-format set: four sections, a unit in the code, a condition or a color in front, an empty section to hide. The challenge asks for all of it on a fresh sheet.",,"A dash, not 0.0 · Units live in the format, not typed text · The check is a live difference → 0",,
challenge-house-format-set,custom-number-formats,2.2.C,Challenge: the house number-format set,"A cluster’s P&L wears the built-in styles and the leverage on Inputs is typed as text with its x: dress the page in the house codes, units in the format and the numbers left as numbers.",,,"Parentheses, never a leading minus · A dash, not 0.0 · Units live in the format, not typed text · One decimals setting per line",,
remix-format-on-the-pnl,remixes,2.R.C,Remix: the team’s format on a site P&L,"Chapter 1’s format challenge on a P&L: a cluster’s FY26E site P&L arrived as a bordered grid of General numbers with one site at a loss. Give it the team’s format, figures to title, in three minutes.",,,"Parentheses, never a leading minus · One decimals setting per line · A top border, never an all-borders grid · Inputs blue, formulas black · Merged cells break everything",,
