id,name,objective,story_beat,page_name
open-and-set-up,Open and set up,"Get the file in order: move around it by keyboard, name the tabs, delete the stale data, give the report its own sheet, set Excel up, color-code every sheet.","The weekly reports are in. As usual, they’re a mess. || Five site managers, five spreadsheets, one workbook that ops pasted them into. There’s a tab still called Sheet2, last week’s export sitting next to this week’s, and a cost typed straight into a formula. The CFO wants one clean page out of this by Monday afternoon, so before you touch a number, get the file in order: name the tabs, delete the stale data, and give the report its own sheet.","The workbook, set up to standard"
move-and-select,Move and select,"Move and select by keyboard: Ctrl+Arrow and where it stops, Ctrl+End and Home, the selection set, rows, columns, widths and alignment, Go To Special.","The CFO has questions about the weekly numbers. || How many days came through? Which columns did the managers send? Is every wash cost in? What’s written under the data? Every answer is a cell. Get to each one without scrolling (nobody who does this for a living scrolls), and then select the blocks you’ll be formatting next week.","The feed, answered"
enter-edit-copy-fill,"Enter, edit, copy and fill","The missing day, the typos, the Report skeleton, Paste Special, Find and Replace, a timeline.","A day is missing and the figures have typos. || Airport’s Saturday never came through; management emailed the four figures. Enter them, fix the feed in place, and build the Report skeleton from Raw with the clipboard and the fill keys.",The Report skeleton
structure,Structure,"Rows and columns that keep the totals honest; widths, heights, AutoFit; hide, group, freeze.","Cedar Park opened this week. || A sixth site row, a margin column, a stale column to remove, and a total that has to follow every edit. Then the widths, heights, groups and frozen panes that make the page readable.","The Report, reshaped"
format,Format,"Numbers a banker can read; fonts, fills, borders; alignment and titles; the style pass.","Numbers a banker can read. || Thousands separators, no stray decimals, negatives in parentheses; bold totals with a top border; inputs blue with a light tint; the title centered across the page. The standard, applied once and then repeated in a single pass.","The Report, formatted"
formulas,Formulas,"SUM and its family, relative and absolute references, links across sheets, the errors and what they mean.","Make the page live. || Every figure on the Report links to Raw and Inputs, so a corrected feed flows through without retyping. SUM and its family, anchoring with F4, links across sheets, and what each error means.","The Report, live"
present-and-audit,Present and audit,"The KPI page checked, print-ready and signed off: page one of the pack.","Sign the page off. || The buyer’s analyst opens page one first. Check the totals tie, the conventions hold, the print fits one page, and nothing is hardcoded that should not be. Then it goes in the pack.",Page one of the pack
project-and-assessment,"Project, assessment, test-out","Build the weekly report end to end, then prove it against the clock; or test out of the chapter.","Management’s next feed is in. || A fresh week, a blank Report, and everything the chapter taught. Build the page start to finish, then prove it against the clock on Monday morning; or test out of the chapter in five minutes.",The weekly KPI report
number-formats,Number formats,"The built-in styles on a raw P&L, costs shown as negatives, Accounting and percent lines, dates on the timeline: a page every number on which reads right.","A three-year P&L, the way the export wrote it. || General numbers with stray cents, costs typed positive, a site count dressed as dollars, bare years over the timeline. The built-in styles first: comma, Accounting, percent and date, and the sign convention stated once up top.","The P&L, numbers to standard"
custom-number-formats,Custom number formats,"The four-section code, units in the format, headers built with TEXT, conditional codes and hidden zeros: the house number-format set from the Custom box.","The house set is a code. || Four sections, positive, negative, zero and text; a unit that rides in the format; a header built from a date with TEXT; a condition or a color in front, an empty section to hide a zero. The Custom box, Ctrl+1 then U, does all of it.",The house number-format set
remixes,Remixes,"Chapter 1’s challenges re-clothed in this chapter’s material: the same keys on a new sheet, so old skills stay warm.",,Old skills on the new page
