key,text
briefing_1_eyebrow,"The deal, 1 of 3"
briefing_1_title,Welcome to the finance team.
briefing_1_body,"You work for Clearcoat, an express car-wash company that’s getting ready to sell to private equity. || Before you can start a sale process, your company needs to clean data, compile documents, and reconcile financials. That’s where you come in, and the better you are in Excel, the less painful the process will be."
briefing_2_eyebrow,"The deal, 2 of 3"
briefing_2_title,It starts with this week’s numbers.
briefing_2_body,"Before anyone can value the company, the company has to know its own numbers. What came in is five site managers’ spreadsheets that ops pasted into one workbook. It has a tab still called Sheet2, last week’s export sitting next to this week’s, and a cost typed straight into a formula. || You’ll turn it into one clean page the CFO can sign off, one job at a time. Every job is a hotkey you’ll use for the rest of your career."
briefing_3_eyebrow,"The deal, 3 of 3"
briefing_3_title,Every finished page goes into the data room.
briefing_3_body,"A sale runs in stages. Each chapter here is one stage, and each one ends with a finished page. || The pages go into the data room: the folder buyers will read. By the end of Chapter 1, page one is in it, and you’ll have built it."
orientation_eyebrow,How this place works
orientation_title,Where things are.
orientation_learn,"Learn is the course: six chapters of short modules, each ending in a timed challenge on a fresh file."
orientation_practice,"Drills, the Daily, rapid-fire and the challenges all live under Practice, on the clock."
orientation_leaderboard,"Each drill and challenge has a board, the Daily too, and only a run with no help and no mouse posts a time."
orientation_level,"Everything you finish earns XP toward your next level, and speed is what puts you on the boards."
orientation_fine,"Use the arrows and Enter. Sound comes on quietly with your first key, and the sound button at the top of a lesson turns it off."
first_run_demo_title,This is a lesson.
first_run_demo_body,"Real keys on a real sheet. You’re graded on how the sheet ends up, so any route that gets there counts."
first_run_exp_new,Start at the first lesson and take them in order.
first_run_exp_sometimes,"The same path, and you’ll move through the parts you know faster."
first_run_exp_daily,"If Chapter 1 looks familiar, take its assessment from Learn and test out."
landing_headline,The better way to master Excel
landing_subhead,"Learn like an analyst at a top firm, and build the muscle memory to make it stick."
landing_start_note,"Chapter 1 is free, and you don’t need an account."
landing_teams_title,Learning with a team or a class?
landing_teams_body,"Set up a desk with its own board and assignments, or talk to us about group access for a bank, a training provider or a school."
demo_done,"That was a lesson. The sheet is graded on how it ends up, so any route that gets there counts, and the next one is yours."
mode_lesson,"Lessons: the learning path, one job at a time on a real sheet."
mode_challenge,"Challenges: work through a full solution, timed."
mode_drill,Drills: build muscle memory.
mode_daily,"Daily: a unique 90-second challenge, with a public leaderboard every day."
mode_rapid,Rapid-fire: reach flow state.
mode_boards,Leaderboards: see who’s the fastest.
dash_learn,"Learn is the course: six chapters of short modules, each ending in a timed challenge on a fresh file."
dash_practice,"Drills, the Daily, rapid-fire and the challenges all live under Practice, on the clock."
deal_strip_stage_1,Preparation
deal_strip_deliverable_1,A weekly KPI report the company can stand behind
save_nudge,Your progress is saved on this device. Make a free account and it follows you to any computer.
due_empty,"Nothing due. Play the Daily, or carry on with the next lesson."
due_foot,Short reps on what you’re about to forget. Nothing is lost by skipping a day.
due_fresh,Nothing here yet. Shortcuts you learn come back here the next day as thirty-second refreshers.
tab_keys_note,Your browser keeps Ctrl+PgDn and Ctrl+PgUp for its own tabs. Fullscreen and the installed app hand the real keys to the sheet.
lesson_nudge,Try it with the keyboard.
lesson_nudge_help,"Try it with the keyboard. F1 opens Help, which can show you the keys."
lesson_show_me_playing,"Watch the keys play on your sheet. When they’re done, the sheet goes back the way it was. `Esc` hands it back early; `←` `→` steps through."
lesson_sheet_off,"Every goal’s done, but the sheet isn’t where it needs to be yet. Fix what’s listed to finish the lesson (`Ctrl+Z` undoes a step)."
lesson_mouse,"Mouse: {clicks}. It’s allowed in a lesson, but the keyboard is what you’re practicing."
lesson_done,Lesson complete
lesson_done_project,Project complete
lesson_done_verified,Chapter Verified
lesson_clean,"Clean sheet: you did every goal yourself, with no mouse."
lesson_assisted,Assisted: Help played or did a goal for you.
page_delivered,"Page {n}, {page}, is done."
lesson_first_saved,"Your first lesson is saved on this device, and a free account takes it to any computer."
install_prompt,"Install hotkey.gg as an app. It opens in its own window, the browser stops grabbing your shortcuts, and Ctrl+PgDn works the way it does in Excel."
times_up,Time’s Up. Keep Drilling.
times_up_note,Nothing’s recorded when the clock runs out.
over_limit,"Over the limit: no tier, but the module counts."
over_limit_assessment,"Over The Limit. Run It Again. The page is built, but the chapter isn’t Verified yet, and the clock is hard from here."
review_clean,Nothing to flag: the CFO would have signed it off as it is.
review_flag,The CFO would have sent it back for {what}.
learn_testout,Already know this? Take the assessment.
learn_verified,Verified
learn_replay,Replay on a new sheet
drill_finished_assisted,"Finished, Assisted"
drill_help_used,"You used Help, so this run won’t set a best or post a time, though it still counts as practice."
drill_mouse_used,"The mouse touched the sheet, so there’s no best and no posted time from this run."
drill_daily_attempt,"That was attempt {n} today, and the board stays open until midnight UTC."
rapid_intro,"We name a command and you press its keys, which stay hidden until you stall."
rapid_fine,A round counts as practice and pays a little XP; it never sets a drill best.
boards_closed,Desk and school boards open in a later phase.
boards_desk_prompt,Start a desk to compete with your own group.
account_guest,"You’re a guest, so everything here is saved on this device only."
paywall_line,Go Pro for the rest of the content.
paywall_signed_in,"This account isn’t Pro yet. Go Pro, or redeem a code on the Account page."
teams_desk_signin,"Desks need an account, and desk creation comes in a later phase."
page_failed,{page} didn’t load.
